ID,YCategoryName,階層
40606,カーテンレール、ポール,家具、インテリア > カーテン、ブラインド > カーテンレール、ポール
40608,ブラインド,家具、インテリア > カーテン、ブラインド > ブラインド
40610,ロールスクリーン,家具、インテリア > カーテン、ブラインド > ロールスクリーン
40611,プリーツスクリーン,家具、インテリア > カーテン、ブラインド > プリーツスクリーン
40643,オットマン,家具、インテリア > ソファ、ソファベッド > オットマン
40643,オットマン、足置き台,家具、インテリア > 椅子、スツール、座椅子 > オットマン、足置き台
40644,ベンチ,家具、インテリア > 椅子、スツール、座椅子 > ベンチ
40646,ソファカバー,家具、インテリア > ファブリック、カバー類 > ソファカバー
40647,ソファ,家具、インテリア > ソファ、ソファベッド > ソファ
40656,パーソナル、イージーチェア,家具、インテリア > 椅子、スツール、座椅子 > パーソナルチェア
40658,カウンターチェア,家具、インテリア > 椅子、スツール、座椅子 > カウンターチェア
40659,スツール,家具、インテリア > 椅子、スツール、座椅子 > スツール
40660,ダイニングチェア,家具、インテリア > 椅子、スツール、座椅子 > ダイニングチェア
40662,ロッキングチェア,家具、インテリア > 椅子、スツール、座椅子 > ロッキングチェア
40711,デスク用ワゴン、ラック,家具、インテリア > デスク、机 > デスク用ワゴン、ラック
40712,書斎机、ユニットデスク,家具、インテリア > デスク、机 > 書斎机、ユニットデスク
40714,カウンター、ハイテーブル,家具、インテリア > テーブル > カウンター、ハイテーブル
40716,サイドテーブル,家具、インテリア > テーブル > サイドテーブル
40717,ダイニングテーブル,家具、インテリア > テーブル > ダイニングテーブル > ダイニングテーブル
40719,ナイトテーブル,家具、インテリア > テーブル > ナイトテーブル
40727,センターテーブル,家具、インテリア > テーブル > センターテーブル
40805,業務用傘立て,家具、インテリア > オフィス家具 > 受付、応接家具 > 業務用傘立て
40808,タペストリー,家具、インテリア > ウォールデコレーション > タペストリー
40811,レリーフ、アート,家具、インテリア > ウォールデコレーション > レリーフ、アート
40812,イカット,家具、インテリア > ウォールデコレーション > イカット
40833,コレクションボックス,家具、インテリア > インテリア雑貨 > 整理用品、小物入れ > コレクションボックス
40834,オフィス用パーテーション,家具、インテリア > オフィス家具 > パーテーション
40835,オフィスデスク用ワゴン、ラック,家具、インテリア > オフィス家具 > オフィスワゴン、脇机 > ワゴン、ラック
40836,ワークテーブル、作業台,家具、インテリア > オフィス家具 > オフィス、会議テーブル > ワークテーブル、作業台
40838,メールボックス,家具、インテリア > オフィス家具 > オフィス収納 > メールボックス
40862,食器棚、レンジ台,家具、インテリア > キッチン収納 > 食器棚、レンジ台
40917,コンソールテーブル,家具、インテリア > テーブル > コンソールテーブル
40920,医療福祉施設家具,家具、インテリア > オフィス家具 > 医療福祉施設家具
44001,子供用敷き布団,家具、インテリア > 布団、寝具 > 子供用寝具、布団 > 敷き布団
44002,子供用掛け布団,家具、インテリア > 子供部屋家具 > 寝具、布団 > 掛け布団
44002,子供用掛け布団,家具、インテリア > 布団、寝具 > 子供用寝具、布団 > 掛け布団
44004,裏地カーテン、ライナー,家具、インテリア > カーテン、ブラインド > カーテン > 裏地カーテン、ライナー
44005,カフェカーテン,家具、インテリア > カーテン、ブラインド > カーテン > カフェカーテン
44007,シェード、ローマンシェード,家具、インテリア > カーテン、ブラインド > シェード、ローマンシェード
44010,ひざ掛け,家具、インテリア > 布団、寝具 > ひざ掛け
44011,こたつ掛け布団、上掛け,家具、インテリア > こたつ > こたつ布団 > こたつ掛け布団、上掛け
44012,こたつ敷き布団,家具、インテリア > こたつ > こたつ布団 > こたつ敷き布団
44014,クッションフロア,家具、インテリア > カーペット、ラグ、マット > クッションフロア
44016,チェア用床保護マット,家具、インテリア > カーペット、ラグ、マット > マット > チェア用床保護マット
44016,チェア用床保護マット,家具、インテリア > 椅子、スツール、座椅子 > チェア用床保護マット
44017,階段マット,家具、インテリア > カーペット、ラグ、マット > マット > 階段マット
44018,廊下用マット,家具、インテリア > カーペット、ラグ、マット > マット > 廊下用マット
44020,キッズ用カーペット、マット,家具、インテリア > 子供部屋家具 > カーペット、マット
44021,クッション、座布団,家具、インテリア > クッション、座布団
44039,ピクチャーレール,家具、インテリア > ウォールデコレーション > ピクチャーレール
44042,ポスターフレーム,家具、インテリア > インテリア雑貨 > デジタルフォトフレーム、写真立て > ポスターフレーム
44043,キャンドルホルダー,家具、インテリア > インテリア雑貨 > キャンドルホルダー
44045,引掛けシーリング,家具、インテリア > 照明、電球 > 照明部品、パーツ > 引掛けシーリング
44046,ゴミ箱、ダストボックス,家具、インテリア > インテリア雑貨 > ゴミ箱、ダストボックス
44052,オフィステーブルチェアセット,家具、インテリア > オフィス家具 > オフィス、会議テーブル > テーブルチェアセット
44054,オフィステーブル付属品、パーツ,家具、インテリア > オフィス家具 > オフィス、会議テーブル > テーブル付属品、パーツ
44056,オフィスチェア用台車,家具、インテリア > オフィス家具 > オフィスチェア > オフィスチェア用台車
44057,オフィスチェア付属品、パーツ,家具、インテリア > オフィス家具 > オフィスチェア > チェア付属品、パーツ
44059,プリンターワゴン,家具、インテリア > オフィス家具 > オフィスワゴン、脇机 > プリンターワゴン
44060,パソコンラック,家具、インテリア > オフィス家具 > オフィス収納 > パソコンラック
44061,デスクトップパネル,家具、インテリア > オフィス家具 > デスク用アクセサリー > デスクトップパネル
44062,オフィスデスクマット,家具、インテリア > オフィス家具 > デスク用アクセサリー > オフィスデスクマット
44063,書類、小物整理ケース,家具、インテリア > オフィス家具 > オフィス収納 > 書類、小物整理ケース
44064,金庫付属品、パーツ,家具、インテリア > オフィス家具 > 金庫、キーボックス > 金庫付属品、パーツ
44065,ボード付属品、パーツ,家具、インテリア > オフィス家具 > ホワイトボード、黒板 > ボード付属品、パーツ
44066,オフィス用応接ソファ,家具、インテリア > オフィス家具 > 受付、応接家具 > 応接ソファ
44066,オフィス用応接ソファ,家具、インテリア > ソファ、ソファベッド > オフィス用応接ソファ
44067,記載台,家具、インテリア > オフィス家具 > 受付、応接家具 > 記載台
44069,オフィスエントランス用プランターボックス,家具、インテリア > オフィス家具 > 受付、応接家具 > プランターボックス
44070,傘ぽん、カサ袋スタンド,家具、インテリア > オフィス家具 > 受付、応接家具 > 傘ぽん、カサ袋スタンド
44071,エントランスマット,家具、インテリア > オフィス家具 > 受付、応接家具 > エントランスマット
44073,教育施設家具,家具、インテリア > オフィス家具 > 教育施設家具
44074,研究施設家具,家具、インテリア > オフィス家具 > 研究施設家具
44075,工場、物流施設家具,家具、インテリア > オフィス家具 > 工場、物流施設家具
44076,店舗、商業施設家具,家具、インテリア > オフィス家具 > 店舗、商業施設家具
44077,傘立て,家具、インテリア > 玄関家具 > 傘立て
44597,インテリア用間仕切り,家具、インテリア > 間仕切り
44601,ファブリックパネル,家具、インテリア > ウォールデコレーション > ファブリックパネル
44602,カーテン付属品、パーツ,家具、インテリア > カーテン、ブラインド > カーテン付属品、パーツ
44603,ドレッサー、鏡台,家具、インテリア > ミラー、ドレッサー > ドレッサー、鏡台
44604,テーブル付属品、パーツ,家具、インテリア > テーブル > テーブル付属品、パーツ
2120,おもちゃ箱、収納（子ども用）,ベビー、キッズ、マタニティ > 子ども用家具 > おもちゃ箱、収納
2120,おもちゃ収納,家具、インテリア > 子供部屋家具 > おもちゃ収納
3582,マルチカバー,家具、インテリア > ファブリック、カバー類 > マルチカバー
3587,その他ミラー、ドレッサー,家具、インテリア > ミラー、ドレッサー > その他ミラー、ドレッサー
3596,のれん,家具、インテリア > カーテン、ブラインド > のれん
3600,マガジンラック,家具、インテリア > ラック、シェルフ、本棚 > マガジンラック
3601,その他インテリア雑貨、小物,家具、インテリア > インテリア雑貨 > その他インテリア雑貨、小物
3603,その他カーテン、ブラインド、レール,家具、インテリア > カーテン、ブラインド > その他カーテン、ブラインド、レール
3619,座椅子、高座椅子,家具、インテリア > 椅子、スツール、座椅子 > 座椅子、高座椅子
3625,その他椅子、スツール、座椅子,家具、インテリア > 椅子、スツール、座椅子 > その他椅子、スツール、座椅子
3626,スチールラック本体,家具、インテリア > ラック、シェルフ、本棚 > スチールラック > スチールラック本体
3628,下駄箱、シューズボックス,家具、インテリア > 玄関家具 > 下駄箱、シューズボックス
3631,テレビ台、ローボード,家具、インテリア > テレビ台、キャビネット > テレビ台、ローボード
3635,クローゼット、ワードローブ,家具、インテリア > チェスト、衣類収納 > クローゼット、ワードローブ
32898,圧縮袋、収納袋,家具、インテリア > プラケース、押入れ収納 > 圧縮袋、収納袋
32906,洗濯機ラック,家具、インテリア > ランドリー、サニタリー収納 > 洗濯機ラック
32912,押入れラック,家具、インテリア > プラケース、押入れ収納 > 押入れラック
32913,すのこ,家具、インテリア > プラケース、押入れ収納 > すのこ
32918,突っ張りラック,家具、インテリア > ラック、シェルフ、本棚 > 突っ張りラック
32924,ハンガーラック,家具、インテリア > チェスト、衣類収納 > ハンガーラック
32925,その他収納ラック,家具、インテリア > ラック、シェルフ、本棚 > その他収納ラック
32937,キッチンラック,家具、インテリア > キッチン収納 > キッチンラック
32938,野菜ストッカー,家具、インテリア > キッチン収納 > 野菜ストッカー
32962,子供用布団セット,家具、インテリア > 子供部屋家具 > 寝具、布団 > 布団セット
32962,子供用布団セット,家具、インテリア > 布団、寝具 > 子供用寝具、布団 > 布団セット
32974,毛布、ブランケット,家具、インテリア > 布団、寝具 > 毛布、ブランケット > 毛布、ブランケット
32977,着る毛布、かいまき,家具、インテリア > 布団、寝具 > 毛布、ブランケット > 着る毛布、かいまき
32982,子供用タオルケット,家具、インテリア > 子供部屋家具 > 寝具、布団 > タオルケット
32982,子供用タオルケット,家具、インテリア > 布団、寝具 > 子供用寝具、布団 > タオルケット
32985,カバー、シーツセット,家具、インテリア > 布団、寝具 > シーツ、カバー > カバー、シーツセット
32986,マットレスカバー,家具、インテリア > 布団、寝具 > シーツ、カバー > マットレスカバー
32994,フラットシーツ,家具、インテリア > 布団、寝具 > シーツ、カバー > フラットシーツ
32996,ベッドカバー、スプレッド,家具、インテリア > ファブリック、カバー類 > ベッドカバー、スプレッド
32996,ベッドカバー,家具、インテリア > 布団、寝具 > シーツ、カバー > ベッドカバー
32997,首枕、ネックピロー,家具、インテリア > 布団、寝具 > 枕、ピロー > 首枕、ネックピロー
32998,抱き枕,家具、インテリア > 布団、寝具 > 枕、ピロー > 抱き枕
32999,腰枕,家具、インテリア > 布団、寝具 > 枕、ピロー > 腰枕
33001,足枕、フットピロー,家具、インテリア > 布団、寝具 > 枕、ピロー > 足枕、フットピロー
33035,脚付きマットレスベッド,家具、インテリア > ベッド、マットレス > ベッド > 脚付きマットレスベッド
33041,脇机,家具、インテリア > オフィス家具 > オフィスワゴン、脇机 > 脇机
33045,オフィスデスク,家具、インテリア > オフィス家具 > オフィスデスク
33049,デスク、チェアセット,家具、インテリア > オフィス家具 > デスク、チェアセット
33058,応接用テーブル,家具、インテリア > オフィス家具 > 受付、応接家具 > 応接用テーブル
33059,応接セット,家具、インテリア > オフィス家具 > 受付、応接家具 > 応接セット
33060,ロビーチェア,家具、インテリア > オフィス家具 > オフィスチェア > ロビーチェア
33060,ロビーチェア,家具、インテリア > オフィス家具 > 受付、応接家具 > ロビーチェア
41007,こたつ部品、アクセサリー,家具、インテリア > こたつ > こたつ部品、アクセサリー
43970,収納ケース,家具、インテリア > チェスト、衣類収納 > 収納ケース
43970,収納ケース,家具、インテリア > プラケース、押入れ収納 > 収納ケース
43971,壁面システム収納,家具、インテリア > ラック、シェルフ、本棚 > 壁面システム収納
43972,ガラスケース,家具、インテリア > テレビ台、キャビネット > ガラスケース
43973,玄関台、玄関踏み台,家具、インテリア > 玄関家具 > 玄関台、玄関踏み台
43974,玄関ベンチ,家具、インテリア > 玄関家具 > 玄関ベンチ
43978,ダイニングテーブルセット,家具、インテリア > テーブル > ダイニングテーブル > ダイニングテーブルセット
43979,椅子付属品、パーツ,家具、インテリア > 椅子、スツール、座椅子 > 椅子付属品、パーツ
43980,ラック用付属品、パーツ,家具、インテリア > ラック、シェルフ、本棚 > ラック用付属品、パーツ
43982,フリーデスク、平机,家具、インテリア > デスク、机 > フリーデスク、平机
43983,学習机用ワゴン、ラック,家具、インテリア > 子供部屋家具 > 学習机 > 学習机用ワゴン、ラック
43984,子供用学習机付属品、パーツ,家具、インテリア > 子供部屋家具 > 学習机 > 子供用学習机付属品、パーツ
43985,デスク、机用付属品、パーツ,家具、インテリア > デスク、机 > デスク、机用付属品、パーツ
43986,ソファベッド,家具、インテリア > ソファ、ソファベッド > ソファベッド
43987,シェーズロング、寝椅子,家具、インテリア > ソファ、ソファベッド > シェーズロング、寝椅子
43987,シェーズロング、寝椅子,家具、インテリア > 椅子、スツール、座椅子 > シェーズロング、寝椅子
43988,ソファ付属品、パーツ,家具、インテリア > ソファ、ソファベッド > ソファ付属品、パーツ
43989,子供用ポールハンガー,家具、インテリア > 子供部屋家具 > ポールハンガー
43991,折りたたみベッド,家具、インテリア > ベッド、マットレス > ベッド > 折りたたみベッド
43992,フレーム、マットレスセット,家具、インテリア > ベッド、マットレス > ベッド > フレーム、マットレスセット
43994,ガーゼケット,家具、インテリア > 布団、寝具 > タオルケット > ガーゼケット
43995,ノンスプリングマットレス,家具、インテリア > ベッド、マットレス > マットレス > ノンスプリングマットレス
43995,ノンスプリングマットレス,家具、インテリア > 布団、寝具 > ノンスプリングマットレス
43997,衿カバー,家具、インテリア > 布団、寝具 > シーツ、カバー > 衿カバー
43998,除湿シート,家具、インテリア > 布団、寝具 > シーツ、カバー > 除湿シート
43999,子供用シーツ、敷きパッド、カバー,家具、インテリア > 子供部屋家具 > 寝具、布団 > シーツ、敷きパッド、カバー
43999,子供用シーツ、敷きパッド、カバー,家具、インテリア > 布団、寝具 > 子供用寝具、布団 > シーツ、敷きパッド、カバー
44000,子供用毛布、ブランケット,家具、インテリア > 子供部屋家具 > 寝具、布団 > 毛布、ブランケット
44000,子供用毛布、ブランケット,家具、インテリア > 布団、寝具 > 子供用寝具、布団 > 毛布、ブランケット
44001,子供用敷き布団,家具、インテリア > 子供部屋家具 > 寝具、布団 > 敷き布団
33060,オフィス用ロビーチェア,家具、インテリア > ソファ、ソファベッド > オフィス用ロビーチェア
33061,受付カウンター,家具、インテリア > オフィス家具 > 受付、応接家具 > 受付カウンター
33067,オープンラック、物品棚,家具、インテリア > オフィス家具 > オフィス収納 > オープンラック、物品棚
33069,キャビネット、書庫,家具、インテリア > オフィス家具 > オフィス収納 > キャビネット、書庫
33070,保管庫,家具、インテリア > オフィス家具 > オフィス収納 > 保管庫
33071,オフィス用机上ラック,家具、インテリア > オフィス家具 > デスク用アクセサリー > 机上ラック
33072,ショーケース,家具、インテリア > オフィス家具 > オフィス収納 > ショーケース
33073,ファイルワゴン,家具、インテリア > オフィス家具 > オフィスワゴン、脇机 > ファイルワゴン
33074,雑誌、新聞ラック,家具、インテリア > オフィス家具 > オフィス収納 > 雑誌、新聞ラック
33077,掃除用ロッカー,家具、インテリア > オフィス家具 > オフィス収納 > 掃除用ロッカー
33078,シューズロッカー、下駄箱,家具、インテリア > オフィス家具 > オフィス収納 > シューズロッカー、下駄箱
33079,キーボックス,家具、インテリア > オフィス家具 > 金庫、キーボックス > キーボックス
33118,ピアノカバー,家具、インテリア > ファブリック、カバー類 > ピアノカバー
33121,その他ファブリック、カバー類,家具、インテリア > ファブリック、カバー類 > その他ファブリック、カバー類
33152,すだれ,家具、インテリア > カーテン、ブラインド > すだれ
33154,ウォールステッカー,家具、インテリア > ウォールデコレーション > ウォールステッカー
33210,砂時計,家具、インテリア > インテリア時計 > 砂時計
33229,卓上ミラー,家具、インテリア > ミラー、ドレッサー > 卓上ミラー
39261,介護ベッド,家具、インテリア > ベッド、マットレス > ベッド > 介護ベッド
40536,屋外用ドアマット,家具、インテリア > カーペット、ラグ、マット > マット > 屋外用ドアマット
40538,ウッドカーペット,家具、インテリア > カーペット、ラグ、マット > ウッドカーペット
40540,掘りごたつ用カーペット,家具、インテリア > こたつ > こたつ布団 > 掘りごたつ用カーペット
40540,掘りごたつ用カーペット,家具、インテリア > カーペット、ラグ、マット > 掘りごたつ用カーペット
40541,敷きもの補助用品,家具、インテリア > カーペット、ラグ、マット > 敷きもの補助用品
40562,スプリングマットレス,家具、インテリア > ベッド、マットレス > マットレス > スプリングマットレス
40569,掛け布団,家具、インテリア > 布団、寝具 > 布団 > 掛け布団
40571,布団セット,家具、インテリア > 布団、寝具 > 布団 > 布団セット
40572,敷き布団,家具、インテリア > 布団、寝具 > 布団 > 敷き布団
40574,子供用枕、ピロー,家具、インテリア > 子供部屋家具 > 寝具、布団 > 枕、ピロー
40574,子供用枕、ピロー,家具、インテリア > 布団、寝具 > 子供用寝具、布団 > 枕、ピロー
40577,敷きパッド,家具、インテリア > 布団、寝具 > シーツ、カバー > 敷きパッド
40579,ベッドスカート,家具、インテリア > 布団、寝具 > シーツ、カバー > ベッドスカート
3636,チェスト、タンス,家具、インテリア > チェスト、衣類収納 > チェスト、タンス
3641,文机,家具、インテリア > デスク、机 > 文机
3643,その他デスク、机,家具、インテリア > デスク、机 > その他デスク、机
3650,その他テーブル,家具、インテリア > テーブル > その他テーブル
3652,二段ベッド,家具、インテリア > ベッド、マットレス > ベッド > 二段ベッド
3652,二段ベッド,家具、インテリア > 子供部屋家具 > ベッド > 二段ベッド
3654,ロフトベッド,家具、インテリア > ベッド、マットレス > ベッド > ロフトベッド
3657,キッズチェスト,ベビー、キッズ、マタニティ > 子ども用家具 > キッズチェスト
3657,キッズチェスト,家具、インテリア > 子供部屋家具 > チェスト
3669,掛け布団カバー,家具、インテリア > 布団、寝具 > シーツ、カバー > 掛け布団カバー
3670,敷き布団用カバー,家具、インテリア > 布団、寝具 > シーツ、カバー > 敷き布団用カバー
3672,枕カバー,家具、インテリア > 布団、寝具 > シーツ、カバー > 枕カバー
3675,タオルケット、キルトケット,家具、インテリア > 布団、寝具 > タオルケット > タオルケット、キルトケット
3681,枕、ピロー,家具、インテリア > 布団、寝具 > 枕、ピロー > 枕、ピロー
3684,その他布団、寝具,家具、インテリア > 布団、寝具 > その他布団、寝具
3727,キッチンワゴン,家具、インテリア > キッチン収納 > キッチンワゴン
4223,家具転倒防止用品,キッチン、日用品、文具 > 防災、防犯、セーフティ > 家具転倒防止用品
4356,会議、ミーティングチェア,家具、インテリア > オフィス家具 > オフィスチェア > 会議、ミーティングチェア
4357,オフィス、ワークチェア,家具、インテリア > オフィス家具 > オフィスチェア > オフィス、ワークチェア
4357,オフィス、ワークチェア,家具、インテリア > 椅子、スツール、座椅子 > オフィス、ワークチェア
4358,オフィス用スツール,家具、インテリア > オフィス家具 > オフィスチェア > オフィス用スツール
4359,その他オフィスチェア,家具、インテリア > オフィス家具 > オフィスチェア > その他オフィスチェア
4360,その他応接セット,家具、インテリア > オフィス家具 > 受付、応接家具 > その他応接セット
4363,その他オフィス収納,家具、インテリア > オフィス家具 > オフィス収納 > その他オフィス収納
5259,キッチンカウンター,家具、インテリア > キッチン収納 > キッチンカウンター
5260,トイレ収納,家具、インテリア > ランドリー、サニタリー収納 > トイレ収納
5261,ランドリー収納,家具、インテリア > ランドリー、サニタリー収納 > ランドリー収納
5263,コートハンガー,家具、インテリア > チェスト、衣類収納 > コートハンガー
13528,ジョイントマット,家具、インテリア > カーペット、ラグ、マット > ジョイントマット
14448,スチールラック部品,家具、インテリア > ラック、シェルフ、本棚 > スチールラック > スチールラック部品
14454,スリッパラック、スタンド,家具、インテリア > 玄関家具 > スリッパラック、スタンド
31735,こたつテーブル,家具、インテリア > こたつ > こたつテーブル
31736,こたつテーブルセット,家具、インテリア > こたつ > こたつテーブルセット
31737,デスクこたつ、一人用こたつ,家具、インテリア > こたつ > デスクこたつ、一人用こたつ
31738,こたつ布団セット,家具、インテリア > こたつ > こたつ布団 > こたつ布団セット
31739,こたつカバー,家具、インテリア > こたつ > こたつ布団 > こたつカバー
31741,こたつヒーター単体,家具、インテリア > こたつ > こたつヒーター単体
32564,キッズソファ,家具、インテリア > 子供部屋家具 > ソファ
32596,ドレープカーテン,家具、インテリア > カーテン、ブラインド > カーテン > ドレープカーテン
32597,シャワーカーテン,家具、インテリア > カーテン、ブラインド > シャワーカーテン
32598,レースカーテン,家具、インテリア > カーテン、ブラインド > カーテン > レースカーテン
32602,パネルドア,家具、インテリア > カーテン、ブラインド > パネルドア
32603,アコーディオンカーテン,家具、インテリア > カーテン、ブラインド > アコーディオンカーテン
32615,ホルダー、タッセル、トリム,家具、インテリア > カーテン、ブラインド > ホルダー、タッセル、トリム
32657,タイル、パネルカーペット,家具、インテリア > カーペット、ラグ、マット > タイル、パネルカーペット
32673,置き畳、システム畳,家具、インテリア > カーペット、ラグ、マット > 置き畳、システム畳
32682,パイプ椅子,家具、インテリア > オフィス家具 > オフィスチェア > パイプ椅子
32713,子ども用学習椅子,ベビー、キッズ、マタニティ > 子ども用家具 > 子ども用学習椅子
32713,キッズチェア、学習椅子,家具、インテリア > 椅子、スツール、座椅子 > キッズチェア、学習椅子
32713,学習椅子、キッズチェア,家具、インテリア > 子供部屋家具 > 学習椅子、キッズチェア
32720,バランスチェア,家具、インテリア > 椅子、スツール、座椅子 > バランスチェア
32722,ハンギングチェア,家具、インテリア > 椅子、スツール、座椅子 > ハンギングチェア
32732,椅子カバー,家具、インテリア > ファブリック、カバー類 > 椅子カバー
32734,正座椅子,家具、インテリア > 椅子、スツール、座椅子 > 正座椅子
32740,座椅子カバー,家具、インテリア > ファブリック、カバー類 > 座椅子カバー
32775,マントルピース,家具、インテリア > テーブル > マントルピース
32791,キッズテーブル,家具、インテリア > 子供部屋家具 > テーブル
32792,テーブル、デスクマット,家具、インテリア > テーブル > テーブル、デスクマット
32801,座卓、ちゃぶ台,家具、インテリア > テーブル > 座卓、ちゃぶ台
32809,システムベッド,家具、インテリア > ベッド、マットレス > ベッド > システムベッド
32809,システムベッド,家具、インテリア > 子供部屋家具 > ベッド > システムベッド
32810,子ども用学習机,ベビー、キッズ、マタニティ > 子ども用家具 > 子ども用学習机
32810,子供用学習机,家具、インテリア > 子供部屋家具 > 学習机 > 学習机
32820,ベッドフレーム,家具、インテリア > ベッド、マットレス > ベッド > ベッドフレーム
32821,三段ベッド,家具、インテリア > ベッド、マットレス > ベッド > 三段ベッド
32821,三段ベッド,家具、インテリア > 子供部屋家具 > ベッド > 三段ベッド
32823,すのこベッド,家具、インテリア > ベッド、マットレス > ベッド > すのこベッド
32832,天蓋、キャノピー,家具、インテリア > ベッド、マットレス > 天蓋、キャノピー
32836,マッサージ台、業務用ベッド,家具、インテリア > ベッド、マットレス > マッサージ台、業務用ベッド
32837,ベッドガード,家具、インテリア > ベッド、マットレス > ベッドガード
32840,その他ベッド、マットレス,家具、インテリア > ベッド、マットレス > その他ベッド、マットレス
32841,電話台、FAX台,家具、インテリア > テレビ台、キャビネット > 電話台、FAX台
32852,オープンシェルフ,家具、インテリア > ラック、シェルフ、本棚 > オープンシェルフ
32853,絵本ラック、本棚（子ども用）,ベビー、キッズ、マタニティ > 子ども用家具 > 絵本ラック、本棚
32853,絵本ラック、本棚,家具、インテリア > 子供部屋家具 > 絵本ラック、本棚
32856,カラー、キューブボックス,家具、インテリア > ラック、シェルフ、本棚 > カラー、キューブボックス
32865,卓上本棚、ラック,家具、インテリア > ラック、シェルフ、本棚 > 卓上本棚、ラック
32867,ラック、ランドセル収納,ベビー、キッズ、マタニティ > 子ども用家具 > ラック、ランドセル収納
32867,ラック、ランドセル収納,家具、インテリア > 子供部屋家具 > ラック、ランドセル収納
32869,本棚、書棚,家具、インテリア > ラック、シェルフ、本棚 > 本棚、書棚
32880,キャビネット、サイドボード,家具、インテリア > テレビ台、キャビネット > キャビネット、サイドボード
32888,ウォールシェルフ,家具、インテリア > ラック、シェルフ、本棚 > ウォールシェルフ
32890,ウォールポケット,家具、インテリア > インテリア雑貨 > 整理用品、小物入れ > ウォールポケット
