ID,階層
2084307799,オークション > その他 > レンタル > 住まい、インテリア > ベビー用品
2084006362,オークション > 住まい、インテリア > 家庭用品 > 寝具 > 子ども用 > その他
2084304257,オークション > 住まい、インテリア > 家具、インテリア > ベッド、マットレス > クイーンベッド > マットレス付き
2084245378,オークション > 住まい、インテリア > 家庭用品 > 寝具 > シーツ、カバー > シーツ > ダブル用
2084304258,オークション > 住まい、インテリア > 家具、インテリア > ベッド、マットレス > クイーンベッド > フレームのみ
2084303651,オークション > 住まい、インテリア > 家具、インテリア > ベッド、マットレス > 脚付きマットレスベッド > セミシングル
2084244955,オークション > 住まい、インテリア > 家具、インテリア > ソファ、ソファベッド > シングルソファ > 合成皮革
2084244892,オークション > 住まい、インテリア > 家具、インテリア > ベッド、マットレス > 収納付き > クイーン
2084006354,オークション > 住まい、インテリア > 家庭用品 > 寝具 > その他
2084244886,オークション > 住まい、インテリア > 家具、インテリア > ベッド、マットレス > ロフトベッド、システムベッド
2084239862,オークション > 住まい、インテリア > 家具、インテリア > 衣装ケース > 押入れサイズ
2084303660,オークション > 住まい、インテリア > 家具、インテリア > ベッド、マットレス > マットレス > ワイドダブル
2084239864,オークション > 住まい、インテリア > 家具、インテリア > 衣装ケース > その他
2084245298,オークション > 住まい、インテリア > 家庭用品 > 寝具 > シーツ、カバー > セット
2084239856,オークション > 住まい、インテリア > 家具、インテリア > ソファ、ソファベッド > トリプルソファ > 布製
2084007914,オークション > 住まい、インテリア > 家具、インテリア > イス > 座椅子
2084245302,オークション > 住まい、インテリア > 家庭用品 > 寝具 > 敷パッド、ベッドパッド > ダブル用
2084063579,オークション > 住まい、インテリア > 家具、インテリア > 机 > 事務机、学習机 > 事務机
2084245303,オークション > 住まい、インテリア > 家庭用品 > 寝具 > 敷パッド、ベッドパッド > クイーン用
2084283702,オークション > 住まい、インテリア > 家具、インテリア > 棚、キャビネット > テレビ台、AVボード > ロータイプ（高さ60cm未満） > ～幅80cm
2084062753,オークション > 住まい、インテリア > 家具、インテリア > テーブル > センターテーブル > ガラス
2084062754,オークション > 住まい、インテリア > 家具、インテリア > テーブル > センターテーブル > 木材
2084283701,オークション > 住まい、インテリア > 家具、インテリア > 棚、キャビネット > テレビ台、AVボード > ロータイプ（高さ60cm未満） > ～幅60cm
2084245399,オークション > 住まい、インテリア > 家庭用品 > 寝具 > 布団 > 組布団 > その他
2084061612,オークション > 住まい、インテリア > 家具、インテリア > ハンガーラック > その他
2084244899,オークション > 住まい、インテリア > 家具、インテリア > ベッド、マットレス > マットレス > クイーン
2084063583,オークション > 住まい、インテリア > 家具、インテリア > 机 > パソコンデスク > セット
2084244901,オークション > 住まい、インテリア > 家具、インテリア > ベッド、マットレス > マットレス > その他
2084048868,オークション > 住まい、インテリア > 家具、インテリア > 棚、キャビネット > 電話台
2084232106,オークション > 住まい、インテリア > 家具、インテリア > 下駄箱
2084245381,オークション > 住まい、インテリア > 家庭用品 > 寝具 > シーツ、カバー > シーツ > その他
2084288025,オークション > 住まい、インテリア > 家庭用品 > バス > バスラック
2084015552,オークション > 住まい、インテリア > 家具、インテリア > 棚、キャビネット > レンジ台
2084024463,オークション > 住まい、インテリア > 家庭用品 > トイレ > その他
2084245356,オークション > 住まい、インテリア > 家具、インテリア > 棚、キャビネット > テレビ台、AVボード > 壁面タイプ
2084245376,オークション > 住まい、インテリア > 家庭用品 > 寝具 > シーツ、カバー > シーツ > シングル用
2084245301,オークション > 住まい、インテリア > 家庭用品 > 寝具 > 敷パッド、ベッドパッド > セミダブル用
2084062758,オークション > 住まい、インテリア > 家具、インテリア > ソファ、ソファベッド > 応接セット
2084245373,オークション > 住まい、インテリア > 家庭用品 > 寝具 > シーツ、カバー > カバー > クイーン用
2084304255,オークション > 住まい、インテリア > 家具、インテリア > ベッド、マットレス > ダブルベッド > マットレス付き
2084239853,オークション > 住まい、インテリア > 家具、インテリア > ベッド、マットレス > ダブルベッド > マットレス付き
2084288163,オークション > 住まい、インテリア > 収納 > バス/トイレ収納 > その他
2084244964,オークション > 住まい、インテリア > 家具、インテリア > ソファ、ソファベッド > リクライニングソファ > 3人用
2084057216,オークション > 住まい、インテリア > 家具、インテリア > ベッド、マットレス > その他
2084245362,オークション > 住まい、インテリア > 家具、インテリア > ソファ、ソファベッド > セット > 籐、ラタン
2084303656,オークション > 住まい、インテリア > 家具、インテリア > ベッド、マットレス > 脚付きマットレスベッド > クイーン
2084303649,オークション > 住まい、インテリア > 家具、インテリア > ベッド、マットレス > ワイドダブルベッド > フレームのみ
2084288184,オークション > 住まい、インテリア > 収納 > 子ども用品収納 > その他
2084245375,オークション > 住まい、インテリア > 家庭用品 > 寝具 > シーツ、カバー > カバー > その他
2084007913,オークション > 住まい、インテリア > 家具、インテリア > イス > スツール
2084244884,オークション > 住まい、インテリア > 家具、インテリア > ベッド、マットレス > 二段ベッド
2084245409,オークション > 住まい、インテリア > 家庭用品 > 寝具 > 布団 > 敷布団 > クイーン用
2084245383,オークション > 住まい、インテリア > 家庭用品 > 寝具 > 枕 > 羽毛、羽根
2084057260,オークション > 住まい、インテリア > 家具、インテリア > イス > 一般 > その他のフレーム
2084304250,オークション > 住まい、インテリア > 家具、インテリア > ソファ、ソファベッド > コーナーソファ > その他
2084046775,オークション > 住まい、インテリア > 家具、インテリア > イス > 折り畳みイス
2084245407,オークション > 住まい、インテリア > 家庭用品 > 寝具 > 布団 > 敷布団 > セミダブル用
2084245385,オークション > 住まい、インテリア > 家庭用品 > 寝具 > 枕 > 抱き枕
2084061514,オークション > 住まい、インテリア > 家具、インテリア > ソファ、ソファベッド > ソファカバー
2084303657,オークション > 住まい、インテリア > 家具、インテリア > ベッド、マットレス > ベッド脚、部品
2084006364,オークション > 住まい、インテリア > 家庭用品 > 寝具 > 子ども用 > 布団 > 敷布団
2084006365,オークション > 住まい、インテリア > 家庭用品 > 寝具 > 子ども用 > 布団 > その他
2084006366,オークション > 住まい、インテリア > 家庭用品 > 寝具 > 子ども用 > 布団 > 肌布団
2084283707,オークション > 住まい、インテリア > 家具、インテリア > 棚、キャビネット > テレビ台、AVボード > ロータイプ（高さ60cm未満） > ～幅180cm
2084244898,オークション > 住まい、インテリア > 家具、インテリア > ベッド、マットレス > マットレス > ダブル
2084288146,オークション > 住まい、インテリア > 収納 > 書斎/オフィス/業務用収納 > その他
2084244894,オークション > 住まい、インテリア > 家具、インテリア > ベッド、マットレス > 収納付き > その他
2084239859,オークション > 住まい、インテリア > 家具、インテリア > ソファ、ソファベッド > ソファベッド > 布製
2084244896,オークション > 住まい、インテリア > 家具、インテリア > ベッド、マットレス > マットレス > シングル
2084304254,オークション > 住まい、インテリア > 家具、インテリア > ベッド、マットレス > セミダブルベッド > フレームのみ
2084244967,オークション > 住まい、インテリア > 家具、インテリア > ソファ、ソファベッド > ソファベッド > 籐、ラタン
2084238430,オークション > 住まい、インテリア > 家具、インテリア > カーテン、ブラインド > カーテン > ドレープカーテン > 幅150cm用
2084304251,オークション > 住まい、インテリア > 家具、インテリア > ベッド、マットレス > シングルベッド > マットレス付き
2084244891,オークション > 住まい、インテリア > 家具、インテリア > ベッド、マットレス > 収納付き > ダブル
2084211210,オークション > 住まい、インテリア > 家具、インテリア > カーテン、ブラインド > タッセル、房掛け
2084245297,オークション > 住まい、インテリア > 家庭用品 > 寝具 > シーツ、カバー > 枕カバー
2084062756,オークション > 住まい、インテリア > 家具、インテリア > テーブル > センターテーブル > アクリル、樹脂
2084245300,オークション > 住まい、インテリア > 家庭用品 > 寝具 > 敷パッド、ベッドパッド > シングル用
2084046781,オークション > 住まい、インテリア > 家具、インテリア > テーブル > その他
2084245372,オークション > 住まい、インテリア > 家庭用品 > 寝具 > シーツ、カバー > カバー > ダブル用
2084239863,オークション > 住まい、インテリア > 家具、インテリア > 衣装ケース > クローゼットサイズ
2084002115,オークション > 住まい、インテリア > 家具、インテリア > その他
2084245371,オークション > 住まい、インテリア > 家庭用品 > 寝具 > シーツ、カバー > カバー > セミダブル用
24462,オークション > 住まい、インテリア > 家庭用品 > その他
2084283708,オークション > 住まい、インテリア > 家具、インテリア > 棚、キャビネット > テレビ台、AVボード > ロータイプ（高さ60cm未満） > 幅180cm以上
2084303646,オークション > 住まい、インテリア > 家具、インテリア > ベッド、マットレス > セミシングルベッド > フレームのみ
2084245360,オークション > 住まい、インテリア > 家具、インテリア > ソファ、ソファベッド > セット > 布製
2084244900,オークション > 住まい、インテリア > 家具、インテリア > ベッド、マットレス > マットレス > キング
2084063578,オークション > 住まい、インテリア > 家具、インテリア > 机 > 事務机、学習机 > セット
2084245390,オークション > 住まい、インテリア > 家庭用品 > 寝具 > 布団 > 掛け布団 > ダブル用
2084046777,オークション > 住まい、インテリア > 家具、インテリア > テーブル > 座卓、ちゃぶ台
2084283709,オークション > 住まい、インテリア > 家具、インテリア > 棚、キャビネット > テレビ台、AVボード > ロータイプ（高さ60cm未満） > 伸縮タイプ
2084062768,オークション > 住まい、インテリア > 家具、インテリア > 机 > パソコンデスク > 一般 > ガラス
2084062763,オークション > 住まい、インテリア > 家具、インテリア > テーブル > ダイニングテーブル > ダイニングセット > その他
2084303642,オークション > 住まい、インテリア > 家具、インテリア > ソファ、ソファベッド > ビーズソファ、クッションソファ
2084245406,オークション > 住まい、インテリア > 家庭用品 > 寝具 > 布団 > 敷布団 > シングル用
2084015553,オークション > 住まい、インテリア > 家具、インテリア > 棚、キャビネット > 食器棚
2084238424,オークション > 住まい、インテリア > 家具、インテリア > カーテン、ブラインド > カーテン > ドレープカーテン > 幅100cm用 > 丈100cm未満
2084245411,オークション > 住まい、インテリア > 家庭用品 > 寝具 > 布団 > 敷布団 > その他
2084245370,オークション > 住まい、インテリア > 家庭用品 > 寝具 > シーツ、カバー > カバー > シングル用
2084245391,オークション > 住まい、インテリア > 家庭用品 > 寝具 > 布団 > 掛け布団 > クイーン用
2084239852,オークション > 住まい、インテリア > 家具、インテリア > ソファ、ソファベッド > シングルソファ > その他
2084245374,オークション > 住まい、インテリア > 家庭用品 > 寝具 > シーツ、カバー > カバー > キング用
2084063447,オークション > 住まい、インテリア > 仏壇、仏具 > 経机
2084303648,オークション > 住まい、インテリア > 家具、インテリア > ベッド、マットレス > ワイドダブルベッド > マットレス付き
2084245388,オークション > 住まい、インテリア > 家庭用品 > 寝具 > 布団 > 掛け布団 > シングル用
2084006376,オークション > 住まい、インテリア > 家庭用品 > 寝具 > ベビー用 > 布団 > 肌布団
2084245416,オークション > 住まい、インテリア > 家庭用品 > 寝具 > 毛布 > キング用
2084304246,オークション > 住まい、インテリア > 家具、インテリア > ソファ、ソファベッド > コーナーソファ > 革製
2084245402,オークション > 住まい、インテリア > 家庭用品 > 寝具 > 布団 > 肌布団 > ダブル用
2084006361,オークション > 住まい、インテリア > 家庭用品 > 寝具 > 子ども用 > 枕
2084006359,オークション > 住まい、インテリア > 家庭用品 > 寝具 > 子ども用 > 毛布
2084245393,オークション > 住まい、インテリア > 家庭用品 > 寝具 > 布団 > 掛け布団 > その他
2084006358,オークション > 住まい、インテリア > 家庭用品 > 寝具 > 子ども用 > シーツ、カバー
2084245382,オークション > 住まい、インテリア > 家庭用品 > 寝具 > 枕 > 低反発
2084288155,オークション > 住まい、インテリア > 収納 > 衣類/押入/クローゼット収納 > その他
2084303655,オークション > 住まい、インテリア > 家具、インテリア > ベッド、マットレス > 脚付きマットレスベッド > ワイドダブル
2084245361,オークション > 住まい、インテリア > 家具、インテリア > ソファ、ソファベッド > セット > 合成皮革
2084015555,オークション > 住まい、インテリア > 家具、インテリア > 棚、キャビネット > 飾り棚
2084062781,オークション > 住まい、インテリア > 家具、インテリア > 鏡 > その他
2084244957,オークション > 住まい、インテリア > 家具、インテリア > ソファ、ソファベッド > ラブソファ > 合成皮革
2084288165,オークション > 住まい、インテリア > 収納 > ランドリー収納 > その他
2084062751,オークション > 住まい、インテリア > 家具、インテリア > タンス、チェスト > 洋タンス、チェスト
2084245396,オークション > 住まい、インテリア > 家庭用品 > 寝具 > 布団 > 組布団 > ダブル用
2084238438,オークション > 住まい、インテリア > 家具、インテリア > カーテン、ブラインド > カーテン > レースカーテン > 幅100cm用 > 丈248cm～
2084244959,オークション > 住まい、インテリア > 家具、インテリア > ソファ、ソファベッド > トリプルソファ > 合成皮革
2084304247,オークション > 住まい、インテリア > 家具、インテリア > ソファ、ソファベッド > コーナーソファ > 合成皮革
2084304264,オークション > 住まい、インテリア > 家具、インテリア > ベッド、マットレス > 畳ベッド > ダブル
2084244881,オークション > 住まい、インテリア > 家具、インテリア > ベッド、マットレス > すのこベッド > キング
2084244956,オークション > 住まい、インテリア > 家具、インテリア > ソファ、ソファベッド > シングルソファ > 籐、ラタン
2084245304,オークション > 住まい、インテリア > 家庭用品 > 寝具 > 敷パッド、ベッドパッド > キング用
2084283705,オークション > 住まい、インテリア > 家具、インテリア > 棚、キャビネット > テレビ台、AVボード > ロータイプ（高さ60cm未満） > ～幅140cm
2084304263,オークション > 住まい、インテリア > 家具、インテリア > ベッド、マットレス > 畳ベッド > セミダブル
2084062750,オークション > 住まい、インテリア > 家具、インテリア > タンス、チェスト > 和タンス
2084303659,オークション > 住まい、インテリア > 家具、インテリア > ベッド、マットレス > マットレス > セミシングル
2084238435,オークション > 住まい、インテリア > 家具、インテリア > カーテン、ブラインド > カーテン > レースカーテン > 幅100cm用 > 丈135cm～
2084304249,オークション > 住まい、インテリア > 家具、インテリア > ソファ、ソファベッド > コーナーソファ > 籐、ラタン
2084245400,オークション > 住まい、インテリア > 家庭用品 > 寝具 > 布団 > 肌布団 > シングル用
2084245380,オークション > 住まい、インテリア > 家庭用品 > 寝具 > シーツ、カバー > シーツ > キング用
2084063448,オークション > 住まい、インテリア > 仏壇、仏具 > 神棚、神具
2084303645,オークション > 住まい、インテリア > 家具、インテリア > ベッド、マットレス > セミシングルベッド > マットレス付き
2084244893,オークション > 住まい、インテリア > 家具、インテリア > ベッド、マットレス > 収納付き > キング
2084240901,オークション > 住まい、インテリア > 家具、インテリア > 机 > 事務机、学習机 > デスクマット > 子ども用
2084303662,オークション > 住まい、インテリア > 家具、インテリア > ベッド、マットレス > すのこベッド > ワイドダブル
2084062765,オークション > 住まい、インテリア > 家具、インテリア > テーブル > ダイニングテーブル > 2人用
2084303658,オークション > 住まい、インテリア > 家具、インテリア > ベッド、マットレス > マットレス > 折りたたみ、薄型マットレス
2084062774,オークション > 住まい、インテリア > 家具、インテリア > 机 > パソコンデスク > 座卓
2084304262,オークション > 住まい、インテリア > 家具、インテリア > ベッド、マットレス > 畳ベッド > シングル
2084245386,オークション > 住まい、インテリア > 家庭用品 > 寝具 > 枕 > その他
2084063445,オークション > 住まい、インテリア > 仏壇、仏具 > 線香
2084239850,オークション > 住まい、インテリア > 家具、インテリア > ソファ、ソファベッド > シングルソファ > 布製
2084046780,オークション > 住まい、インテリア > 家具、インテリア > テーブル > カウンターテーブル
2084245395,オークション > 住まい、インテリア > 家庭用品 > 寝具 > 布団 > 組布団 > セミダブル用
2084238428,オークション > 住まい、インテリア > 家具、インテリア > カーテン、ブラインド > カーテン > ドレープカーテン > 幅100cm用 > 丈200cm～
2084304256,オークション > 住まい、インテリア > 家具、インテリア > ベッド、マットレス > ダブルベッド > フレームのみ
2084244965,オークション > 住まい、インテリア > 家具、インテリア > ソファ、ソファベッド > リクライニングソファ > その他
2084304253,オークション > 住まい、インテリア > 家具、インテリア > ベッド、マットレス > セミダブルベッド > マットレス付き
2084245394,オークション > 住まい、インテリア > 家庭用品 > 寝具 > 布団 > 組布団 > シングル用
2084238425,オークション > 住まい、インテリア > 家具、インテリア > カーテン、ブラインド > カーテン > ドレープカーテン > 幅100cm用 > 丈100cm～
2084288112,オークション > 住まい、インテリア > 収納 > リビング収納 > その他
2084061610,オークション > 住まい、インテリア > 家具、インテリア > ハンガーラック > パイプハンガー
2084244958,オークション > 住まい、インテリア > 家具、インテリア > ソファ、ソファベッド > ラブソファ > 籐、ラタン
2084244882,オークション > 住まい、インテリア > 家具、インテリア > ベッド、マットレス > すのこベッド > その他
2084245389,オークション > 住まい、インテリア > 家庭用品 > 寝具 > 布団 > 掛け布団 > セミダブル用
2084245408,オークション > 住まい、インテリア > 家庭用品 > 寝具 > 布団 > 敷布団 > ダブル用
2084245384,オークション > 住まい、インテリア > 家庭用品 > 寝具 > 枕 > 綿、わた
2084238439,オークション > 住まい、インテリア > 家具、インテリア > カーテン、ブラインド > カーテン > レースカーテン > 幅150cm用
2084238433,オークション > 住まい、インテリア > 家具、インテリア > カーテン、ブラインド > カーテン > レースカーテン > 幅100cm用 > 丈100cm未満
2084062767,オークション > 住まい、インテリア > 家具、インテリア > テーブル > ダイニングテーブル > その他
2084307800,オークション > その他 > レンタル > 住まい、インテリア > 家具、インテリア
2084245307,オークション > 家電、AV、カメラ > 冷暖房、空調 > こたつ > こたつ布団
2084238999,オークション > 家電、AV、カメラ > 冷暖房、空調 > こたつ > 長方形（長辺～105cm）
2084239000,オークション > 家電、AV、カメラ > 冷暖房、空調 > こたつ > 長方形（長辺～120cm）
2084238995,オークション > 家電、AV、カメラ > 冷暖房、空調 > こたつ > 正方形（～75cm）
2084238996,オークション > 家電、AV、カメラ > 冷暖房、空調 > こたつ > 正方形（～90cm）
2084239003,オークション > 家電、AV、カメラ > 冷暖房、空調 > こたつ > その他
2084239001,オークション > 家電、AV、カメラ > 冷暖房、空調 > こたつ > 長方形（長辺121cm～）
2084238998,オークション > 家電、AV、カメラ > 冷暖房、空調 > こたつ > 長方形（長辺～90cm）
2084238997,オークション > 家電、AV、カメラ > 冷暖房、空調 > こたつ > 正方形（91cm～）
2084239002,オークション > 家電、AV、カメラ > 冷暖房、空調 > こたつ > 丸型
2084288032,オークション > 住まい、インテリア > キッチン、食器 > 収納、キッチン雑貨 > キッチン用ごみ箱
2084024335,オークション > 住まい、インテリア > 家具、インテリア > インテリア小物 > ごみ箱
2084304865,オークション > 住まい、インテリア > ハンドメイド作品 > 家具、椅子 > 棚、本棚、シェルフ
2084288021,オークション > 住まい、インテリア > 家庭用品 > トイレ > トイレラック
2084304261,オークション > 住まい、インテリア > 家具、インテリア > ベッド、マットレス > 畳ベッド > セミシングル
2084239858,オークション > 住まい、インテリア > 家具、インテリア > ソファ、ソファベッド > トリプルソファ > その他
2084304259,オークション > 住まい、インテリア > 家具、インテリア > ベッド、マットレス > キングベッド > マットレス付き
2084245359,オークション > 住まい、インテリア > 家具、インテリア > ソファ、ソファベッド > セット > 革製
2084062766,オークション > 住まい、インテリア > 家具、インテリア > テーブル > ダイニングテーブル > 4人用
2084046808,オークション > 住まい、インテリア > 家具、インテリア > ソファ、ソファベッド > その他
2084238434,オークション > 住まい、インテリア > 家具、インテリア > カーテン、ブラインド > カーテン > レースカーテン > 幅100cm用 > 丈100cm～
2084245355,オークション > 住まい、インテリア > 家具、インテリア > 棚、キャビネット > テレビ台、AVボード > ハイタイプ（高さ60cm以上）
2084304252,オークション > 住まい、インテリア > 家具、インテリア > ベッド、マットレス > シングルベッド > フレームのみ
2084006375,オークション > 住まい、インテリア > 家庭用品 > 寝具 > ベビー用 > 布団 > その他
2084057212,オークション > 住まい、インテリア > 家具、インテリア > クローゼット、ワードローブ
2084005506,オークション > 住まい、インテリア > 家具、インテリア > 鏡台、ドレッサー
2084006378,オークション > 住まい、インテリア > 家庭用品 > 寝具 > ベビー用 > シーツ、カバー > その他
2084239854,オークション > 住まい、インテリア > 家具、インテリア > ソファ、ソファベッド > ラブソファ > 革製
2084244963,オークション > 住まい、インテリア > 家具、インテリア > ソファ、ソファベッド > リクライニングソファ > 2人用
2084061606,オークション > 住まい、インテリア > 家庭用品 > ハンガー > スカート、パンツ用
2084006363,オークション > 住まい、インテリア > 家庭用品 > 寝具 > 子ども用 > 布団 > 掛け布団
2084238440,オークション > 住まい、インテリア > 家具、インテリア > カーテン、ブラインド > カーテン > その他
2084046807,オークション > 住まい、インテリア > 家具、インテリア > ソファ、ソファベッド > オットマン
2084244962,オークション > 住まい、インテリア > 家具、インテリア > ソファ、ソファベッド > リクライニングソファ > 1人用
2084244960,オークション > 住まい、インテリア > 家具、インテリア > ソファ、ソファベッド > トリプルソファ > 籐、ラタン
2084238426,オークション > 住まい、インテリア > 家具、インテリア > カーテン、ブラインド > カーテン > ドレープカーテン > 幅100cm用 > 丈135cm～
2084245305,オークション > 住まい、インテリア > 家庭用品 > 寝具 > 敷パッド、ベッドパッド > その他
2084061605,オークション > 住まい、インテリア > 家庭用品 > ハンガー > 一般
2084303654,オークション > 住まい、インテリア > 家具、インテリア > ベッド、マットレス > 脚付きマットレスベッド > ダブル
2084006369,オークション > 住まい、インテリア > 家庭用品 > 寝具 > ベビー用 > 毛布
2084047779,オークション > 住まい、インテリア > 家庭用品 > スリッパ
2084238437,オークション > 住まい、インテリア > 家具、インテリア > カーテン、ブラインド > カーテン > レースカーテン > 幅100cm用 > 丈200cm～
2084047857,オークション > 住まい、インテリア > 家庭用品 > 座布団
2084062771,オークション > 住まい、インテリア > 家具、インテリア > 机 > パソコンデスク > 一般 > アクリル、樹脂
2084304260,オークション > 住まい、インテリア > 家具、インテリア > ベッド、マットレス > キングベッド > フレームのみ
2084288020,オークション > 住まい、インテリア > 家庭用品 > トイレ > ペーパーホルダー
2084303661,オークション > 住まい、インテリア > 家具、インテリア > ベッド、マットレス > すのこベッド > セミシングル
2084283706,オークション > 住まい、インテリア > 家具、インテリア > 棚、キャビネット > テレビ台、AVボード > ロータイプ（高さ60cm未満） > ～幅160cm
2084240902,オークション > 住まい、インテリア > 家具、インテリア > 机 > 事務机、学習机 > デスクマット > その他
2084062761,オークション > 住まい、インテリア > 家具、インテリア > テーブル > ダイニングテーブル > ダイニングセット > 2人用
2084245357,オークション > 住まい、インテリア > 家具、インテリア > 棚、キャビネット > テレビ台、AVボード > コーナータイプ
2084062757,オークション > 住まい、インテリア > 家具、インテリア > テーブル > センターテーブル > その他
2084303653,オークション > 住まい、インテリア > 家具、インテリア > ベッド、マットレス > 脚付きマットレスベッド > セミダブル
2084303643,オークション > 住まい、インテリア > 家具、インテリア > ソファ、ソファベッド > ローソファ、フロアソファ
2084057262,オークション > 住まい、インテリア > 家具、インテリア > イス > ハイバックチェア
2084063449,オークション > 住まい、インテリア > 仏壇、仏具 > その他
2084063577,オークション > 住まい、インテリア > 家具、インテリア > 棚、キャビネット > キャビネット、デスクワゴン
2084244878,オークション > 住まい、インテリア > 家具、インテリア > ベッド、マットレス > すのこベッド > セミダブル
2084245417,オークション > 住まい、インテリア > 家庭用品 > 寝具 > 毛布 > その他
2084245414,オークション > 住まい、インテリア > 家庭用品 > 寝具 > 毛布 > ダブル用
2084239860,オークション > 住まい、インテリア > 家具、インテリア > ソファ、ソファベッド > ソファベッド > 革製
2084239857,オークション > 住まい、インテリア > 家具、インテリア > ソファ、ソファベッド > トリプルソファ > 革製
2084062762,オークション > 住まい、インテリア > 家具、インテリア > テーブル > ダイニングテーブル > ダイニングセット > 4人用
2084057261,オークション > 住まい、インテリア > 家具、インテリア > イス > ダイニングチェア
2084245379,オークション > 住まい、インテリア > 家庭用品 > 寝具 > シーツ、カバー > シーツ > クイーン用
2084245358,オークション > 住まい、インテリア > 家具、インテリア > 棚、キャビネット > テレビ台、AVボード > その他
2084046776,オークション > 住まい、インテリア > 家具、インテリア > テーブル > サイドテーブル
2084244897,オークション > 住まい、インテリア > 家具、インテリア > ベッド、マットレス > マットレス > セミダブル
24678,オークション > 住まい、インテリア > その他
2084244889,オークション > 住まい、インテリア > 家具、インテリア > ベッド、マットレス > 収納付き > シングル
2084007918,オークション > 住まい、インテリア > 家具、インテリア > イス > ロッキングチェア
2084244877,オークション > 住まい、インテリア > 家具、インテリア > ベッド、マットレス > すのこベッド > シングル
2084063580,オークション > 住まい、インテリア > 家具、インテリア > 机 > 事務机、学習机 > 学習机
2084288186,オークション > 住まい、インテリア > 収納 > 本/CD/DVD収納 > 収納ケース、収納箱
2084048039,オークション > 住まい、インテリア > 家具、インテリア > 机 > その他
2084304248,オークション > 住まい、インテリア > 家具、インテリア > ソファ、ソファベッド > コーナーソファ > 布製
2084062747,オークション > 住まい、インテリア > 家具、インテリア > カーテン、ブラインド > ブラインド
2084288177,オークション > 住まい、インテリア > 収納 > 玄関/屋外収納 > その他
2084063444,オークション > 住まい、インテリア > 仏壇、仏具 > 位牌
2084062769,オークション > 住まい、インテリア > 家具、インテリア > 机 > パソコンデスク > 一般 > 木材
2084006373,オークション > 住まい、インテリア > 家庭用品 > 寝具 > ベビー用 > 布団 > 掛け布団
2084245397,オークション > 住まい、インテリア > 家庭用品 > 寝具 > 布団 > 組布団 > クイーン用
2084244880,オークション > 住まい、インテリア > 家具、インテリア > ベッド、マットレス > すのこベッド > クイーン
2084015557,オークション > 住まい、インテリア > 家具、インテリア > 棚、キャビネット > 本棚
2084238436,オークション > 住まい、インテリア > 家具、インテリア > カーテン、ブラインド > カーテン > レースカーテン > 幅100cm用 > 丈178cm～
2084239861,オークション > 住まい、インテリア > 家具、インテリア > ソファ、ソファベッド > ソファベッド > その他
2084245377,オークション > 住まい、インテリア > 家庭用品 > 寝具 > シーツ、カバー > シーツ > セミダブル用
2084283704,オークション > 住まい、インテリア > 家具、インテリア > 棚、キャビネット > テレビ台、AVボード > ロータイプ（高さ60cm未満） > ～幅120cm
2084048445,オークション > 住まい、インテリア > 家具、インテリア > 棚、キャビネット > サイドボード
2084244887,オークション > 住まい、インテリア > 家具、インテリア > ベッド、マットレス > 簡易ベッド、折りたたみベッド
2084244885,オークション > 住まい、インテリア > 家具、インテリア > ベッド、マットレス > 三段ベッド
2084063441,オークション > 住まい、インテリア > 仏壇、仏具 > 仏具一般
2084244966,オークション > 住まい、インテリア > 家具、インテリア > ソファ、ソファベッド > ソファベッド > 合成皮革
2084006349,オークション > 住まい、インテリア > 家庭用品 > 寝具 > 布団 > その他
2084238533,オークション > 住まい、インテリア > 家庭用品 > 皮革用品 > その他
2084288022,オークション > 住まい、インテリア > 家庭用品 > トイレ > トイレットペーパー
2084006372,オークション > 住まい、インテリア > 家庭用品 > 寝具 > ベビー用 > その他
2084006371,オークション > 住まい、インテリア > 家庭用品 > 寝具 > ベビー用 > 枕
2084238429,オークション > 住まい、インテリア > 家具、インテリア > カーテン、ブラインド > カーテン > ドレープカーテン > 幅100cm用 > 丈248cm～
2084245415,オークション > 住まい、インテリア > 家庭用品 > 寝具 > 毛布 > クイーン用
2084245413,オークション > 住まい、インテリア > 家庭用品 > 寝具 > 毛布 > セミダブル用
2084063440,オークション > 住まい、インテリア > 仏壇、仏具 > 仏壇
2084245403,オークション > 住まい、インテリア > 家庭用品 > 寝具 > 布団 > 肌布団 > クイーン用
2084303652,オークション > 住まい、インテリア > 家具、インテリア > ベッド、マットレス > 脚付きマットレスベッド > シングル
2084245363,オークション > 住まい、インテリア > 家具、インテリア > ソファ、ソファベッド > セット > その他
2084245392,オークション > 住まい、インテリア > 家庭用品 > 寝具 > 布団 > 掛け布団 > キング用
2084244890,オークション > 住まい、インテリア > 家具、インテリア > ベッド、マットレス > 収納付き > セミダブル
2084006374,オークション > 住まい、インテリア > 家庭用品 > 寝具 > ベビー用 > 布団 > 敷布団
2084023849,オークション > 住まい、インテリア > 家庭用品 > 寝具 > ベビー用 > アフガン、おくるみ
2084244879,オークション > 住まい、インテリア > 家具、インテリア > ベッド、マットレス > すのこベッド > ダブル
2084057257,オークション > 住まい、インテリア > 家具、インテリア > イス > 一般 > 木製フレーム
2084061611,オークション > 住まい、インテリア > 家具、インテリア > ハンガーラック > コートハンガー
2084245398,オークション > 住まい、インテリア > 家庭用品 > 寝具 > 布団 > 組布団 > キング用
2084062772,オークション > 住まい、インテリア > 家具、インテリア > 机 > パソコンデスク > 一般 > その他
2084283703,オークション > 住まい、インテリア > 家具、インテリア > 棚、キャビネット > テレビ台、AVボード > ロータイプ（高さ60cm未満） > ～幅100cm
2084288132,オークション > 住まい、インテリア > 収納 > 本/CD/DVD収納 > その他
2084239855,オークション > 住まい、インテリア > 家具、インテリア > ソファ、ソファベッド > ラブソファ > その他
2084245412,オークション > 住まい、インテリア > 家庭用品 > 寝具 > 毛布 > シングル用
2084245401,オークション > 住まい、インテリア > 家庭用品 > 寝具 > 布団 > 肌布団 > セミダブル用
2084238427,オークション > 住まい、インテリア > 家具、インテリア > カーテン、ブラインド > カーテン > ドレープカーテン > 幅100cm用 > 丈178cm～
2084239851,オークション > 住まい、インテリア > 家具、インテリア > ソファ、ソファベッド > シングルソファ > 革製
2084057259,オークション > 住まい、インテリア > 家具、インテリア > イス > 一般 > プラスチックフレーム
2084245405,オークション > 住まい、インテリア > 家庭用品 > 寝具 > 布団 > 肌布団 > その他
